index,hand,auction,wbridge5,ben_sayc,saycbridge,bba
0,S:Q52 H:6543 D:K732 C:AJ,,Pass,Pass,"[OSERROR(""DLOPEN(/LIBRARY/FRAMEWORKS/PYTHON.FRAMEWORK/VERSIONS/3.12/LIB/PYTHON3.12/SITE-PACKAGES/Z3/LIB/LIBZ3.DYLIB, 0X0006): TRIED: '/LIBRARY/FRAMEWORKS/PYTHON.FRAMEWORK/VERSIONS/3.12/LIB/PYTHON3.12/SITE-PACKAGES/Z3/LIB/LIBZ3.DYLIB' (MACH-O FILE, BUT IS AN INCOMPATIBLE ARCHITECTURE (HAVE 'ARM64', NEED 'X86_64')), '/SYSTEM/VOLUMES/PREBOOT/CRYPTEXES/OS/LIBRARY/FRAMEWORKS/PYTHON.FRAMEWORK/VERSIONS/3.12/LIB/PYTHON3.12/SITE-PACKAGES/Z3/LIB/LIBZ3.DYLIB' (NO SUCH FILE), '/LIBRARY/FRAMEWORKS/PYTHON.FRAMEWORK/VERSIONS/3.12/LIB/PYTHON3.12/SITE-PACKAGES/Z3/LIB/LIBZ3.DYLIB' (MACH-O FILE, BUT IS AN INCOMPATIBLE ARCHITECTURE (HAVE 'ARM64', NEED 'X86_64'))""), TYPEERROR('EXPECTED STR, BYTES OR OS.PATHLIKE OBJECT, NOT NONETYPE'), OSERROR(""DLOPEN(LIBZ3.DYLIB, 0X0006): TRIED: 'LIBZ3.DYLIB' (NO SUCH FILE), '/SYSTEM/VOLUMES/PREBOOT/CRYPTEXES/OSLIBZ3.DYLIB' (NO SUCH FILE), '/USR/LIB/LIBZ3.DYLIB' (NO SUCH FILE, NOT IN DYLD CACHE), 'LIBZ3.DYLIB' (NO SUCH FILE), '/USR/LIB/LIBZ3.DYLIB' (NO SUCH FILE, NOT IN DYLD CACHE)"")]",Pass
1,S:97 H:A9872 D:AJ65 C:43,Pass,Pass,Pass,"[OSERROR(""DLOPEN(/LIBRARY/FRAMEWORKS/PYTHON.FRAMEWORK/VERSIONS/3.12/LIB/PYTHON3.12/SITE-PACKAGES/Z3/LIB/LIBZ3.DYLIB, 0X0006): TRIED: '/LIBRARY/FRAMEWORKS/PYTHON.FRAMEWORK/VERSIONS/3.12/LIB/PYTHON3.12/SITE-PACKAGES/Z3/LIB/LIBZ3.DYLIB' (MACH-O FILE, BUT IS AN INCOMPATIBLE ARCHITECTURE (HAVE 'ARM64', NEED 'X86_64')), '/SYSTEM/VOLUMES/PREBOOT/CRYPTEXES/OS/LIBRARY/FRAMEWORKS/PYTHON.FRAMEWORK/VERSIONS/3.12/LIB/PYTHON3.12/SITE-PACKAGES/Z3/LIB/LIBZ3.DYLIB' (NO SUCH FILE), '/LIBRARY/FRAMEWORKS/PYTHON.FRAMEWORK/VERSIONS/3.12/LIB/PYTHON3.12/SITE-PACKAGES/Z3/LIB/LIBZ3.DYLIB' (MACH-O FILE, BUT IS AN INCOMPATIBLE ARCHITECTURE (HAVE 'ARM64', NEED 'X86_64'))""), TYPEERROR('EXPECTED STR, BYTES OR OS.PATHLIKE OBJECT, NOT NONETYPE'), OSERROR(""DLOPEN(LIBZ3.DYLIB, 0X0006): TRIED: 'LIBZ3.DYLIB' (NO SUCH FILE), '/SYSTEM/VOLUMES/PREBOOT/CRYPTEXES/OSLIBZ3.DYLIB' (NO SUCH FILE), '/USR/LIB/LIBZ3.DYLIB' (NO SUCH FILE, NOT IN DYLD CACHE), 'LIBZ3.DYLIB' (NO SUCH FILE), '/USR/LIB/LIBZ3.DYLIB' (NO SUCH FILE, NOT IN DYLD CACHE)"")]",Pass
2,S:J83 H:QJT D:QT C:K9852,Pass Pass,1S,Pass,"[OSERROR(""DLOPEN(/LIBRARY/FRAMEWORKS/PYTHON.FRAMEWORK/VERSIONS/3.12/LIB/PYTHON3.12/SITE-PACKAGES/Z3/LIB/LIBZ3.DYLIB, 0X0006): TRIED: '/LIBRARY/FRAMEWORKS/PYTHON.FRAMEWORK/VERSIONS/3.12/LIB/PYTHON3.12/SITE-PACKAGES/Z3/LIB/LIBZ3.DYLIB' (MACH-O FILE, BUT IS AN INCOMPATIBLE ARCHITECTURE (HAVE 'ARM64', NEED 'X86_64')), '/SYSTEM/VOLUMES/PREBOOT/CRYPTEXES/OS/LIBRARY/FRAMEWORKS/PYTHON.FRAMEWORK/VERSIONS/3.12/LIB/PYTHON3.12/SITE-PACKAGES/Z3/LIB/LIBZ3.DYLIB' (NO SUCH FILE), '/LIBRARY/FRAMEWORKS/PYTHON.FRAMEWORK/VERSIONS/3.12/LIB/PYTHON3.12/SITE-PACKAGES/Z3/LIB/LIBZ3.DYLIB' (MACH-O FILE, BUT IS AN INCOMPATIBLE ARCHITECTURE (HAVE 'ARM64', NEED 'X86_64'))""), TYPEERROR('EXPECTED STR, BYTES OR OS.PATHLIKE OBJECT, NOT NONETYPE'), OSERROR(""DLOPEN(LIBZ3.DYLIB, 0X0006): TRIED: 'LIBZ3.DYLIB' (NO SUCH FILE), '/SYSTEM/VOLUMES/PREBOOT/CRYPTEXES/OSLIBZ3.DYLIB' (NO SUCH FILE), '/USR/LIB/LIBZ3.DYLIB' (NO SUCH FILE, NOT IN DYLD CACHE), 'LIBZ3.DYLIB' (NO SUCH FILE), '/USR/LIB/LIBZ3.DYLIB' (NO SUCH FILE, NOT IN DYLD CACHE)"")]",Pass
3,S:AKT64 H:K D:984 C:QT76,Pass Pass 1S,1NT,Pass,"[OSERROR(""DLOPEN(/LIBRARY/FRAMEWORKS/PYTHON.FRAMEWORK/VERSIONS/3.12/LIB/PYTHON3.12/SITE-PACKAGES/Z3/LIB/LIBZ3.DYLIB, 0X0006): TRIED: '/LIBRARY/FRAMEWORKS/PYTHON.FRAMEWORK/VERSIONS/3.12/LIB/PYTHON3.12/SITE-PACKAGES/Z3/LIB/LIBZ3.DYLIB' (MACH-O FILE, BUT IS AN INCOMPATIBLE ARCHITECTURE (HAVE 'ARM64', NEED 'X86_64')), '/SYSTEM/VOLUMES/PREBOOT/CRYPTEXES/OS/LIBRARY/FRAMEWORKS/PYTHON.FRAMEWORK/VERSIONS/3.12/LIB/PYTHON3.12/SITE-PACKAGES/Z3/LIB/LIBZ3.DYLIB' (NO SUCH FILE), '/LIBRARY/FRAMEWORKS/PYTHON.FRAMEWORK/VERSIONS/3.12/LIB/PYTHON3.12/SITE-PACKAGES/Z3/LIB/LIBZ3.DYLIB' (MACH-O FILE, BUT IS AN INCOMPATIBLE ARCHITECTURE (HAVE 'ARM64', NEED 'X86_64'))""), TYPEERROR('EXPECTED STR, BYTES OR OS.PATHLIKE OBJECT, NOT NONETYPE'), OSERROR(""DLOPEN(LIBZ3.DYLIB, 0X0006): TRIED: 'LIBZ3.DYLIB' (NO SUCH FILE), '/SYSTEM/VOLUMES/PREBOOT/CRYPTEXES/OSLIBZ3.DYLIB' (NO SUCH FILE), '/USR/LIB/LIBZ3.DYLIB' (NO SUCH FILE, NOT IN DYLD CACHE), 'LIBZ3.DYLIB' (NO SUCH FILE), '/USR/LIB/LIBZ3.DYLIB' (NO SUCH FILE, NOT IN DYLD CACHE)"")]",Pass
4,S:Q52 H:6543 D:K732 C:AJ,Pass Pass 1S 1NT,Pass,X,"[OSERROR(""DLOPEN(/LIBRARY/FRAMEWORKS/PYTHON.FRAMEWORK/VERSIONS/3.12/LIB/PYTHON3.12/SITE-PACKAGES/Z3/LIB/LIBZ3.DYLIB, 0X0006): TRIED: '/LIBRARY/FRAMEWORKS/PYTHON.FRAMEWORK/VERSIONS/3.12/LIB/PYTHON3.12/SITE-PACKAGES/Z3/LIB/LIBZ3.DYLIB' (MACH-O FILE, BUT IS AN INCOMPATIBLE ARCHITECTURE (HAVE 'ARM64', NEED 'X86_64')), '/SYSTEM/VOLUMES/PREBOOT/CRYPTEXES/OS/LIBRARY/FRAMEWORKS/PYTHON.FRAMEWORK/VERSIONS/3.12/LIB/PYTHON3.12/SITE-PACKAGES/Z3/LIB/LIBZ3.DYLIB' (NO SUCH FILE), '/LIBRARY/FRAMEWORKS/PYTHON.FRAMEWORK/VERSIONS/3.12/LIB/PYTHON3.12/SITE-PACKAGES/Z3/LIB/LIBZ3.DYLIB' (MACH-O FILE, BUT IS AN INCOMPATIBLE ARCHITECTURE (HAVE 'ARM64', NEED 'X86_64'))""), TYPEERROR('EXPECTED STR, BYTES OR OS.PATHLIKE OBJECT, NOT NONETYPE'), OSERROR(""DLOPEN(LIBZ3.DYLIB, 0X0006): TRIED: 'LIBZ3.DYLIB' (NO SUCH FILE), '/SYSTEM/VOLUMES/PREBOOT/CRYPTEXES/OSLIBZ3.DYLIB' (NO SUCH FILE), '/USR/LIB/LIBZ3.DYLIB' (NO SUCH FILE, NOT IN DYLD CACHE), 'LIBZ3.DYLIB' (NO SUCH FILE), '/USR/LIB/LIBZ3.DYLIB' (NO SUCH FILE, NOT IN DYLD CACHE)"")]",X
5,S:97 H:A9872 D:AJ65 C:43,Pass Pass 1S 1NT Pass,2D,2D,"[OSERROR(""DLOPEN(/LIBRARY/FRAMEWORKS/PYTHON.FRAMEWORK/VERSIONS/3.12/LIB/PYTHON3.12/SITE-PACKAGES/Z3/LIB/LIBZ3.DYLIB, 0X0006): TRIED: '/LIBRARY/FRAMEWORKS/PYTHON.FRAMEWORK/VERSIONS/3.12/LIB/PYTHON3.12/SITE-PACKAGES/Z3/LIB/LIBZ3.DYLIB' (MACH-O FILE, BUT IS AN INCOMPATIBLE ARCHITECTURE (HAVE 'ARM64', NEED 'X86_64')), '/SYSTEM/VOLUMES/PREBOOT/CRYPTEXES/OS/LIBRARY/FRAMEWORKS/PYTHON.FRAMEWORK/VERSIONS/3.12/LIB/PYTHON3.12/SITE-PACKAGES/Z3/LIB/LIBZ3.DYLIB' (NO SUCH FILE), '/LIBRARY/FRAMEWORKS/PYTHON.FRAMEWORK/VERSIONS/3.12/LIB/PYTHON3.12/SITE-PACKAGES/Z3/LIB/LIBZ3.DYLIB' (MACH-O FILE, BUT IS AN INCOMPATIBLE ARCHITECTURE (HAVE 'ARM64', NEED 'X86_64'))""), TYPEERROR('EXPECTED STR, BYTES OR OS.PATHLIKE OBJECT, NOT NONETYPE'), OSERROR(""DLOPEN(LIBZ3.DYLIB, 0X0006): TRIED: 'LIBZ3.DYLIB' (NO SUCH FILE), '/SYSTEM/VOLUMES/PREBOOT/CRYPTEXES/OSLIBZ3.DYLIB' (NO SUCH FILE), '/USR/LIB/LIBZ3.DYLIB' (NO SUCH FILE, NOT IN DYLD CACHE), 'LIBZ3.DYLIB' (NO SUCH FILE), '/USR/LIB/LIBZ3.DYLIB' (NO SUCH FILE, NOT IN DYLD CACHE)"")]",2D
6,S:J83 H:QJT D:QT C:K9852,Pass Pass 1S 1NT Pass 2D,Pass,Pass,"[OSERROR(""DLOPEN(/LIBRARY/FRAMEWORKS/PYTHON.FRAMEWORK/VERSIONS/3.12/LIB/PYTHON3.12/SITE-PACKAGES/Z3/LIB/LIBZ3.DYLIB, 0X0006): TRIED: '/LIBRARY/FRAMEWORKS/PYTHON.FRAMEWORK/VERSIONS/3.12/LIB/PYTHON3.12/SITE-PACKAGES/Z3/LIB/LIBZ3.DYLIB' (MACH-O FILE, BUT IS AN INCOMPATIBLE ARCHITECTURE (HAVE 'ARM64', NEED 'X86_64')), '/SYSTEM/VOLUMES/PREBOOT/CRYPTEXES/OS/LIBRARY/FRAMEWORKS/PYTHON.FRAMEWORK/VERSIONS/3.12/LIB/PYTHON3.12/SITE-PACKAGES/Z3/LIB/LIBZ3.DYLIB' (NO SUCH FILE), '/LIBRARY/FRAMEWORKS/PYTHON.FRAMEWORK/VERSIONS/3.12/LIB/PYTHON3.12/SITE-PACKAGES/Z3/LIB/LIBZ3.DYLIB' (MACH-O FILE, BUT IS AN INCOMPATIBLE ARCHITECTURE (HAVE 'ARM64', NEED 'X86_64'))""), TYPEERROR('EXPECTED STR, BYTES OR OS.PATHLIKE OBJECT, NOT NONETYPE'), OSERROR(""DLOPEN(LIBZ3.DYLIB, 0X0006): TRIED: 'LIBZ3.DYLIB' (NO SUCH FILE), '/SYSTEM/VOLUMES/PREBOOT/CRYPTEXES/OSLIBZ3.DYLIB' (NO SUCH FILE), '/USR/LIB/LIBZ3.DYLIB' (NO SUCH FILE, NOT IN DYLD CACHE), 'LIBZ3.DYLIB' (NO SUCH FILE), '/USR/LIB/LIBZ3.DYLIB' (NO SUCH FILE, NOT IN DYLD CACHE)"")]",Pass
7,S:AKT64 H:K D:984 C:QT76,Pass Pass 1S 1NT Pass 2D Pass,2H,Pass,"[OSERROR(""DLOPEN(/LIBRARY/FRAMEWORKS/PYTHON.FRAMEWORK/VERSIONS/3.12/LIB/PYTHON3.12/SITE-PACKAGES/Z3/LIB/LIBZ3.DYLIB, 0X0006): TRIED: '/LIBRARY/FRAMEWORKS/PYTHON.FRAMEWORK/VERSIONS/3.12/LIB/PYTHON3.12/SITE-PACKAGES/Z3/LIB/LIBZ3.DYLIB' (MACH-O FILE, BUT IS AN INCOMPATIBLE ARCHITECTURE (HAVE 'ARM64', NEED 'X86_64')), '/SYSTEM/VOLUMES/PREBOOT/CRYPTEXES/OS/LIBRARY/FRAMEWORKS/PYTHON.FRAMEWORK/VERSIONS/3.12/LIB/PYTHON3.12/SITE-PACKAGES/Z3/LIB/LIBZ3.DYLIB' (NO SUCH FILE), '/LIBRARY/FRAMEWORKS/PYTHON.FRAMEWORK/VERSIONS/3.12/LIB/PYTHON3.12/SITE-PACKAGES/Z3/LIB/LIBZ3.DYLIB' (MACH-O FILE, BUT IS AN INCOMPATIBLE ARCHITECTURE (HAVE 'ARM64', NEED 'X86_64'))""), TYPEERROR('EXPECTED STR, BYTES OR OS.PATHLIKE OBJECT, NOT NONETYPE'), OSERROR(""DLOPEN(LIBZ3.DYLIB, 0X0006): TRIED: 'LIBZ3.DYLIB' (NO SUCH FILE), '/SYSTEM/VOLUMES/PREBOOT/CRYPTEXES/OSLIBZ3.DYLIB' (NO SUCH FILE), '/USR/LIB/LIBZ3.DYLIB' (NO SUCH FILE, NOT IN DYLD CACHE), 'LIBZ3.DYLIB' (NO SUCH FILE), '/USR/LIB/LIBZ3.DYLIB' (NO SUCH FILE, NOT IN DYLD CACHE)"")]",Pass
8,S:Q52 H:6543 D:K732 C:AJ,Pass Pass 1S 1NT Pass 2D Pass 2H,Pass,3S,"[OSERROR(""DLOPEN(/LIBRARY/FRAMEWORKS/PYTHON.FRAMEWORK/VERSIONS/3.12/LIB/PYTHON3.12/SITE-PACKAGES/Z3/LIB/LIBZ3.DYLIB, 0X0006): TRIED: '/LIBRARY/FRAMEWORKS/PYTHON.FRAMEWORK/VERSIONS/3.12/LIB/PYTHON3.12/SITE-PACKAGES/Z3/LIB/LIBZ3.DYLIB' (MACH-O FILE, BUT IS AN INCOMPATIBLE ARCHITECTURE (HAVE 'ARM64', NEED 'X86_64')), '/SYSTEM/VOLUMES/PREBOOT/CRYPTEXES/OS/LIBRARY/FRAMEWORKS/PYTHON.FRAMEWORK/VERSIONS/3.12/LIB/PYTHON3.12/SITE-PACKAGES/Z3/LIB/LIBZ3.DYLIB' (NO SUCH FILE), '/LIBRARY/FRAMEWORKS/PYTHON.FRAMEWORK/VERSIONS/3.12/LIB/PYTHON3.12/SITE-PACKAGES/Z3/LIB/LIBZ3.DYLIB' (MACH-O FILE, BUT IS AN INCOMPATIBLE ARCHITECTURE (HAVE 'ARM64', NEED 'X86_64'))""), TYPEERROR('EXPECTED STR, BYTES OR OS.PATHLIKE OBJECT, NOT NONETYPE'), OSERROR(""DLOPEN(LIBZ3.DYLIB, 0X0006): TRIED: 'LIBZ3.DYLIB' (NO SUCH FILE), '/SYSTEM/VOLUMES/PREBOOT/CRYPTEXES/OSLIBZ3.DYLIB' (NO SUCH FILE), '/USR/LIB/LIBZ3.DYLIB' (NO SUCH FILE, NOT IN DYLD CACHE), 'LIBZ3.DYLIB' (NO SUCH FILE), '/USR/LIB/LIBZ3.DYLIB' (NO SUCH FILE, NOT IN DYLD CACHE)"")]",Pass
9,S:97 H:A9872 D:AJ65 C:43,Pass Pass 1S 1NT Pass 2D Pass 2H Pass,2NT,3NT,"[OSERROR(""DLOPEN(/LIBRARY/FRAMEWORKS/PYTHON.FRAMEWORK/VERSIONS/3.12/LIB/PYTHON3.12/SITE-PACKAGES/Z3/LIB/LIBZ3.DYLIB, 0X0006): TRIED: '/LIBRARY/FRAMEWORKS/PYTHON.FRAMEWORK/VERSIONS/3.12/LIB/PYTHON3.12/SITE-PACKAGES/Z3/LIB/LIBZ3.DYLIB' (MACH-O FILE, BUT IS AN INCOMPATIBLE ARCHITECTURE (HAVE 'ARM64', NEED 'X86_64')), '/SYSTEM/VOLUMES/PREBOOT/CRYPTEXES/OS/LIBRARY/FRAMEWORKS/PYTHON.FRAMEWORK/VERSIONS/3.12/LIB/PYTHON3.12/SITE-PACKAGES/Z3/LIB/LIBZ3.DYLIB' (NO SUCH FILE), '/LIBRARY/FRAMEWORKS/PYTHON.FRAMEWORK/VERSIONS/3.12/LIB/PYTHON3.12/SITE-PACKAGES/Z3/LIB/LIBZ3.DYLIB' (MACH-O FILE, BUT IS AN INCOMPATIBLE ARCHITECTURE (HAVE 'ARM64', NEED 'X86_64'))""), TYPEERROR('EXPECTED STR, BYTES OR OS.PATHLIKE OBJECT, NOT NONETYPE'), OSERROR(""DLOPEN(LIBZ3.DYLIB, 0X0006): TRIED: 'LIBZ3.DYLIB' (NO SUCH FILE), '/SYSTEM/VOLUMES/PREBOOT/CRYPTEXES/OSLIBZ3.DYLIB' (NO SUCH FILE), '/USR/LIB/LIBZ3.DYLIB' (NO SUCH FILE, NOT IN DYLD CACHE), 'LIBZ3.DYLIB' (NO SUCH FILE), '/USR/LIB/LIBZ3.DYLIB' (NO SUCH FILE, NOT IN DYLD CACHE)"")]",2NT
10,S:J83 H:QJT D:QT C:K9852,Pass Pass 1S 1NT Pass 2D Pass 2H Pass 2NT,Pass,Pass,"[OSERROR(""DLOPEN(/LIBRARY/FRAMEWORKS/PYTHON.FRAMEWORK/VERSIONS/3.12/LIB/PYTHON3.12/SITE-PACKAGES/Z3/LIB/LIBZ3.DYLIB, 0X0006): TRIED: '/LIBRARY/FRAMEWORKS/PYTHON.FRAMEWORK/VERSIONS/3.12/LIB/PYTHON3.12/SITE-PACKAGES/Z3/LIB/LIBZ3.DYLIB' (MACH-O FILE, BUT IS AN INCOMPATIBLE ARCHITECTURE (HAVE 'ARM64', NEED 'X86_64')), '/SYSTEM/VOLUMES/PREBOOT/CRYPTEXES/OS/LIBRARY/FRAMEWORKS/PYTHON.FRAMEWORK/VERSIONS/3.12/LIB/PYTHON3.12/SITE-PACKAGES/Z3/LIB/LIBZ3.DYLIB' (NO SUCH FILE), '/LIBRARY/FRAMEWORKS/PYTHON.FRAMEWORK/VERSIONS/3.12/LIB/PYTHON3.12/SITE-PACKAGES/Z3/LIB/LIBZ3.DYLIB' (MACH-O FILE, BUT IS AN INCOMPATIBLE ARCHITECTURE (HAVE 'ARM64', NEED 'X86_64'))""), TYPEERROR('EXPECTED STR, BYTES OR OS.PATHLIKE OBJECT, NOT NONETYPE'), OSERROR(""DLOPEN(LIBZ3.DYLIB, 0X0006): TRIED: 'LIBZ3.DYLIB' (NO SUCH FILE), '/SYSTEM/VOLUMES/PREBOOT/CRYPTEXES/OSLIBZ3.DYLIB' (NO SUCH FILE), '/USR/LIB/LIBZ3.DYLIB' (NO SUCH FILE, NOT IN DYLD CACHE), 'LIBZ3.DYLIB' (NO SUCH FILE), '/USR/LIB/LIBZ3.DYLIB' (NO SUCH FILE, NOT IN DYLD CACHE)"")]",Pass
11,S:AKT64 H:K D:984 C:QT76,Pass Pass 1S 1NT Pass 2D Pass 2H Pass 2NT Pass,Pass,Pass,"[OSERROR(""DLOPEN(/LIBRARY/FRAMEWORKS/PYTHON.FRAMEWORK/VERSIONS/3.12/LIB/PYTHON3.12/SITE-PACKAGES/Z3/LIB/LIBZ3.DYLIB, 0X0006): TRIED: '/LIBRARY/FRAMEWORKS/PYTHON.FRAMEWORK/VERSIONS/3.12/LIB/PYTHON3.12/SITE-PACKAGES/Z3/LIB/LIBZ3.DYLIB' (MACH-O FILE, BUT IS AN INCOMPATIBLE ARCHITECTURE (HAVE 'ARM64', NEED 'X86_64')), '/SYSTEM/VOLUMES/PREBOOT/CRYPTEXES/OS/LIBRARY/FRAMEWORKS/PYTHON.FRAMEWORK/VERSIONS/3.12/LIB/PYTHON3.12/SITE-PACKAGES/Z3/LIB/LIBZ3.DYLIB' (NO SUCH FILE), '/LIBRARY/FRAMEWORKS/PYTHON.FRAMEWORK/VERSIONS/3.12/LIB/PYTHON3.12/SITE-PACKAGES/Z3/LIB/LIBZ3.DYLIB' (MACH-O FILE, BUT IS AN INCOMPATIBLE ARCHITECTURE (HAVE 'ARM64', NEED 'X86_64'))""), TYPEERROR('EXPECTED STR, BYTES OR OS.PATHLIKE OBJECT, NOT NONETYPE'), OSERROR(""DLOPEN(LIBZ3.DYLIB, 0X0006): TRIED: 'LIBZ3.DYLIB' (NO SUCH FILE), '/SYSTEM/VOLUMES/PREBOOT/CRYPTEXES/OSLIBZ3.DYLIB' (NO SUCH FILE), '/USR/LIB/LIBZ3.DYLIB' (NO SUCH FILE, NOT IN DYLD CACHE), 'LIBZ3.DYLIB' (NO SUCH FILE), '/USR/LIB/LIBZ3.DYLIB' (NO SUCH FILE, NOT IN DYLD CACHE)"")]",Pass
12,S:Q52 H:6543 D:K732 C:AJ,Pass Pass 1S 1NT Pass 2D Pass 2H Pass 2NT Pass Pass,Pass,Pass,"[OSERROR(""DLOPEN(/LIBRARY/FRAMEWORKS/PYTHON.FRAMEWORK/VERSIONS/3.12/LIB/PYTHON3.12/SITE-PACKAGES/Z3/LIB/LIBZ3.DYLIB, 0X0006): TRIED: '/LIBRARY/FRAMEWORKS/PYTHON.FRAMEWORK/VERSIONS/3.12/LIB/PYTHON3.12/SITE-PACKAGES/Z3/LIB/LIBZ3.DYLIB' (MACH-O FILE, BUT IS AN INCOMPATIBLE ARCHITECTURE (HAVE 'ARM64', NEED 'X86_64')), '/SYSTEM/VOLUMES/PREBOOT/CRYPTEXES/OS/LIBRARY/FRAMEWORKS/PYTHON.FRAMEWORK/VERSIONS/3.12/LIB/PYTHON3.12/SITE-PACKAGES/Z3/LIB/LIBZ3.DYLIB' (NO SUCH FILE), '/LIBRARY/FRAMEWORKS/PYTHON.FRAMEWORK/VERSIONS/3.12/LIB/PYTHON3.12/SITE-PACKAGES/Z3/LIB/LIBZ3.DYLIB' (MACH-O FILE, BUT IS AN INCOMPATIBLE ARCHITECTURE (HAVE 'ARM64', NEED 'X86_64'))""), TYPEERROR('EXPECTED STR, BYTES OR OS.PATHLIKE OBJECT, NOT NONETYPE'), OSERROR(""DLOPEN(LIBZ3.DYLIB, 0X0006): TRIED: 'LIBZ3.DYLIB' (NO SUCH FILE), '/SYSTEM/VOLUMES/PREBOOT/CRYPTEXES/OSLIBZ3.DYLIB' (NO SUCH FILE), '/USR/LIB/LIBZ3.DYLIB' (NO SUCH FILE, NOT IN DYLD CACHE), 'LIBZ3.DYLIB' (NO SUCH FILE), '/USR/LIB/LIBZ3.DYLIB' (NO SUCH FILE, NOT IN DYLD CACHE)"")]",Pass
13,S:9862 H:KJ9652 D:74 C:3,,Pass,Pass,"[OSERROR(""DLOPEN(/LIBRARY/FRAMEWORKS/PYTHON.FRAMEWORK/VERSIONS/3.12/LIB/PYTHON3.12/SITE-PACKAGES/Z3/LIB/LIBZ3.DYLIB, 0X0006): TRIED: '/LIBRARY/FRAMEWORKS/PYTHON.FRAMEWORK/VERSIONS/3.12/LIB/PYTHON3.12/SITE-PACKAGES/Z3/LIB/LIBZ3.DYLIB' (MACH-O FILE, BUT IS AN INCOMPATIBLE ARCHITECTURE (HAVE 'ARM64', NEED 'X86_64')), '/SYSTEM/VOLUMES/PREBOOT/CRYPTEXES/OS/LIBRARY/FRAMEWORKS/PYTHON.FRAMEWORK/VERSIONS/3.12/LIB/PYTHON3.12/SITE-PACKAGES/Z3/LIB/LIBZ3.DYLIB' (NO SUCH FILE), '/LIBRARY/FRAMEWORKS/PYTHON.FRAMEWORK/VERSIONS/3.12/LIB/PYTHON3.12/SITE-PACKAGES/Z3/LIB/LIBZ3.DYLIB' (MACH-O FILE, BUT IS AN INCOMPATIBLE ARCHITECTURE (HAVE 'ARM64', NEED 'X86_64'))""), TYPEERROR('EXPECTED STR, BYTES OR OS.PATHLIKE OBJECT, NOT NONETYPE'), OSERROR(""DLOPEN(LIBZ3.DYLIB, 0X0006): TRIED: 'LIBZ3.DYLIB' (NO SUCH FILE), '/SYSTEM/VOLUMES/PREBOOT/CRYPTEXES/OSLIBZ3.DYLIB' (NO SUCH FILE), '/USR/LIB/LIBZ3.DYLIB' (NO SUCH FILE, NOT IN DYLD CACHE), 'LIBZ3.DYLIB' (NO SUCH FILE), '/USR/LIB/LIBZ3.DYLIB' (NO SUCH FILE, NOT IN DYLD CACHE)"")]",Pass
14,S:AK4 H:AQT3 D:5 C:J8742,Pass,1H,1C,"[OSERROR(""DLOPEN(/LIBRARY/FRAMEWORKS/PYTHON.FRAMEWORK/VERSIONS/3.12/LIB/PYTHON3.12/SITE-PACKAGES/Z3/LIB/LIBZ3.DYLIB, 0X0006): TRIED: '/LIBRARY/FRAMEWORKS/PYTHON.FRAMEWORK/VERSIONS/3.12/LIB/PYTHON3.12/SITE-PACKAGES/Z3/LIB/LIBZ3.DYLIB' (MACH-O FILE, BUT IS AN INCOMPATIBLE ARCHITECTURE (HAVE 'ARM64', NEED 'X86_64')), '/SYSTEM/VOLUMES/PREBOOT/CRYPTEXES/OS/LIBRARY/FRAMEWORKS/PYTHON.FRAMEWORK/VERSIONS/3.12/LIB/PYTHON3.12/SITE-PACKAGES/Z3/LIB/LIBZ3.DYLIB' (NO SUCH FILE), '/LIBRARY/FRAMEWORKS/PYTHON.FRAMEWORK/VERSIONS/3.12/LIB/PYTHON3.12/SITE-PACKAGES/Z3/LIB/LIBZ3.DYLIB' (MACH-O FILE, BUT IS AN INCOMPATIBLE ARCHITECTURE (HAVE 'ARM64', NEED 'X86_64'))""), TYPEERROR('EXPECTED STR, BYTES OR OS.PATHLIKE OBJECT, NOT NONETYPE'), OSERROR(""DLOPEN(LIBZ3.DYLIB, 0X0006): TRIED: 'LIBZ3.DYLIB' (NO SUCH FILE), '/SYSTEM/VOLUMES/PREBOOT/CRYPTEXES/OSLIBZ3.DYLIB' (NO SUCH FILE), '/USR/LIB/LIBZ3.DYLIB' (NO SUCH FILE, NOT IN DYLD CACHE), 'LIBZ3.DYLIB' (NO SUCH FILE), '/USR/LIB/LIBZ3.DYLIB' (NO SUCH FILE, NOT IN DYLD CACHE)"")]",1C
15,S:T3 H:84 D:KQJ982 C:KQT,Pass 1H,Pass,Pass,"[OSERROR(""DLOPEN(/LIBRARY/FRAMEWORKS/PYTHON.FRAMEWORK/VERSIONS/3.12/LIB/PYTHON3.12/SITE-PACKAGES/Z3/LIB/LIBZ3.DYLIB, 0X0006): TRIED: '/LIBRARY/FRAMEWORKS/PYTHON.FRAMEWORK/VERSIONS/3.12/LIB/PYTHON3.12/SITE-PACKAGES/Z3/LIB/LIBZ3.DYLIB' (MACH-O FILE, BUT IS AN INCOMPATIBLE ARCHITECTURE (HAVE 'ARM64', NEED 'X86_64')), '/SYSTEM/VOLUMES/PREBOOT/CRYPTEXES/OS/LIBRARY/FRAMEWORKS/PYTHON.FRAMEWORK/VERSIONS/3.12/LIB/PYTHON3.12/SITE-PACKAGES/Z3/LIB/LIBZ3.DYLIB' (NO SUCH FILE), '/LIBRARY/FRAMEWORKS/PYTHON.FRAMEWORK/VERSIONS/3.12/LIB/PYTHON3.12/SITE-PACKAGES/Z3/LIB/LIBZ3.DYLIB' (MACH-O FILE, BUT IS AN INCOMPATIBLE ARCHITECTURE (HAVE 'ARM64', NEED 'X86_64'))""), TYPEERROR('EXPECTED STR, BYTES OR OS.PATHLIKE OBJECT, NOT NONETYPE'), OSERROR(""DLOPEN(LIBZ3.DYLIB, 0X0006): TRIED: 'LIBZ3.DYLIB' (NO SUCH FILE), '/SYSTEM/VOLUMES/PREBOOT/CRYPTEXES/OSLIBZ3.DYLIB' (NO SUCH FILE), '/USR/LIB/LIBZ3.DYLIB' (NO SUCH FILE, NOT IN DYLD CACHE), 'LIBZ3.DYLIB' (NO SUCH FILE), '/USR/LIB/LIBZ3.DYLIB' (NO SUCH FILE, NOT IN DYLD CACHE)"")]",Pass
16,S:QJ75 H:7 D:AT63 C:A965,Pass 1H Pass,2C,1S,"[OSERROR(""DLOPEN(/LIBRARY/FRAMEWORKS/PYTHON.FRAMEWORK/VERSIONS/3.12/LIB/PYTHON3.12/SITE-PACKAGES/Z3/LIB/LIBZ3.DYLIB, 0X0006): TRIED: '/LIBRARY/FRAMEWORKS/PYTHON.FRAMEWORK/VERSIONS/3.12/LIB/PYTHON3.12/SITE-PACKAGES/Z3/LIB/LIBZ3.DYLIB' (MACH-O FILE, BUT IS AN INCOMPATIBLE ARCHITECTURE (HAVE 'ARM64', NEED 'X86_64')), '/SYSTEM/VOLUMES/PREBOOT/CRYPTEXES/OS/LIBRARY/FRAMEWORKS/PYTHON.FRAMEWORK/VERSIONS/3.12/LIB/PYTHON3.12/SITE-PACKAGES/Z3/LIB/LIBZ3.DYLIB' (NO SUCH FILE), '/LIBRARY/FRAMEWORKS/PYTHON.FRAMEWORK/VERSIONS/3.12/LIB/PYTHON3.12/SITE-PACKAGES/Z3/LIB/LIBZ3.DYLIB' (MACH-O FILE, BUT IS AN INCOMPATIBLE ARCHITECTURE (HAVE 'ARM64', NEED 'X86_64'))""), TYPEERROR('EXPECTED STR, BYTES OR OS.PATHLIKE OBJECT, NOT NONETYPE'), OSERROR(""DLOPEN(LIBZ3.DYLIB, 0X0006): TRIED: 'LIBZ3.DYLIB' (NO SUCH FILE), '/SYSTEM/VOLUMES/PREBOOT/CRYPTEXES/OSLIBZ3.DYLIB' (NO SUCH FILE), '/USR/LIB/LIBZ3.DYLIB' (NO SUCH FILE, NOT IN DYLD CACHE), 'LIBZ3.DYLIB' (NO SUCH FILE), '/USR/LIB/LIBZ3.DYLIB' (NO SUCH FILE, NOT IN DYLD CACHE)"")]",1S
17,S:9862 H:KJ9652 D:74 C:3,Pass 1H Pass 2C,X,Pass,"[OSERROR(""DLOPEN(/LIBRARY/FRAMEWORKS/PYTHON.FRAMEWORK/VERSIONS/3.12/LIB/PYTHON3.12/SITE-PACKAGES/Z3/LIB/LIBZ3.DYLIB, 0X0006): TRIED: '/LIBRARY/FRAMEWORKS/PYTHON.FRAMEWORK/VERSIONS/3.12/LIB/PYTHON3.12/SITE-PACKAGES/Z3/LIB/LIBZ3.DYLIB' (MACH-O FILE, BUT IS AN INCOMPATIBLE ARCHITECTURE (HAVE 'ARM64', NEED 'X86_64')), '/SYSTEM/VOLUMES/PREBOOT/CRYPTEXES/OS/LIBRARY/FRAMEWORKS/PYTHON.FRAMEWORK/VERSIONS/3.12/LIB/PYTHON3.12/SITE-PACKAGES/Z3/LIB/LIBZ3.DYLIB' (NO SUCH FILE), '/LIBRARY/FRAMEWORKS/PYTHON.FRAMEWORK/VERSIONS/3.12/LIB/PYTHON3.12/SITE-PACKAGES/Z3/LIB/LIBZ3.DYLIB' (MACH-O FILE, BUT IS AN INCOMPATIBLE ARCHITECTURE (HAVE 'ARM64', NEED 'X86_64'))""), TYPEERROR('EXPECTED STR, BYTES OR OS.PATHLIKE OBJECT, NOT NONETYPE'), OSERROR(""DLOPEN(LIBZ3.DYLIB, 0X0006): TRIED: 'LIBZ3.DYLIB' (NO SUCH FILE), '/SYSTEM/VOLUMES/PREBOOT/CRYPTEXES/OSLIBZ3.DYLIB' (NO SUCH FILE), '/USR/LIB/LIBZ3.DYLIB' (NO SUCH FILE, NOT IN DYLD CACHE), 'LIBZ3.DYLIB' (NO SUCH FILE), '/USR/LIB/LIBZ3.DYLIB' (NO SUCH FILE, NOT IN DYLD CACHE)"")]",Pass
18,S:AK4 H:AQT3 D:5 C:J8742,Pass 1H Pass 2C X,Pass,3C,"[OSERROR(""DLOPEN(/LIBRARY/FRAMEWORKS/PYTHON.FRAMEWORK/VERSIONS/3.12/LIB/PYTHON3.12/SITE-PACKAGES/Z3/LIB/LIBZ3.DYLIB, 0X0006): TRIED: '/LIBRARY/FRAMEWORKS/PYTHON.FRAMEWORK/VERSIONS/3.12/LIB/PYTHON3.12/SITE-PACKAGES/Z3/LIB/LIBZ3.DYLIB' (MACH-O FILE, BUT IS AN INCOMPATIBLE ARCHITECTURE (HAVE 'ARM64', NEED 'X86_64')), '/SYSTEM/VOLUMES/PREBOOT/CRYPTEXES/OS/LIBRARY/FRAMEWORKS/PYTHON.FRAMEWORK/VERSIONS/3.12/LIB/PYTHON3.12/SITE-PACKAGES/Z3/LIB/LIBZ3.DYLIB' (NO SUCH FILE), '/LIBRARY/FRAMEWORKS/PYTHON.FRAMEWORK/VERSIONS/3.12/LIB/PYTHON3.12/SITE-PACKAGES/Z3/LIB/LIBZ3.DYLIB' (MACH-O FILE, BUT IS AN INCOMPATIBLE ARCHITECTURE (HAVE 'ARM64', NEED 'X86_64'))""), TYPEERROR('EXPECTED STR, BYTES OR OS.PATHLIKE OBJECT, NOT NONETYPE'), OSERROR(""DLOPEN(LIBZ3.DYLIB, 0X0006): TRIED: 'LIBZ3.DYLIB' (NO SUCH FILE), '/SYSTEM/VOLUMES/PREBOOT/CRYPTEXES/OSLIBZ3.DYLIB' (NO SUCH FILE), '/USR/LIB/LIBZ3.DYLIB' (NO SUCH FILE, NOT IN DYLD CACHE), 'LIBZ3.DYLIB' (NO SUCH FILE), '/USR/LIB/LIBZ3.DYLIB' (NO SUCH FILE, NOT IN DYLD CACHE)"")]",3C
19,S:T3 H:84 D:KQJ982 C:KQT,Pass 1H Pass 2C X Pass,2S,3D,"[OSERROR(""DLOPEN(/LIBRARY/FRAMEWORKS/PYTHON.FRAMEWORK/VERSIONS/3.12/LIB/PYTHON3.12/SITE-PACKAGES/Z3/LIB/LIBZ3.DYLIB, 0X0006): TRIED: '/LIBRARY/FRAMEWORKS/PYTHON.FRAMEWORK/VERSIONS/3.12/LIB/PYTHON3.12/SITE-PACKAGES/Z3/LIB/LIBZ3.DYLIB' (MACH-O FILE, BUT IS AN INCOMPATIBLE ARCHITECTURE (HAVE 'ARM64', NEED 'X86_64')), '/SYSTEM/VOLUMES/PREBOOT/CRYPTEXES/OS/LIBRARY/FRAMEWORKS/PYTHON.FRAMEWORK/VERSIONS/3.12/LIB/PYTHON3.12/SITE-PACKAGES/Z3/LIB/LIBZ3.DYLIB' (NO SUCH FILE), '/LIBRARY/FRAMEWORKS/PYTHON.FRAMEWORK/VERSIONS/3.12/LIB/PYTHON3.12/SITE-PACKAGES/Z3/LIB/LIBZ3.DYLIB' (MACH-O FILE, BUT IS AN INCOMPATIBLE ARCHITECTURE (HAVE 'ARM64', NEED 'X86_64'))""), TYPEERROR('EXPECTED STR, BYTES OR OS.PATHLIKE OBJECT, NOT NONETYPE'), OSERROR(""DLOPEN(LIBZ3.DYLIB, 0X0006): TRIED: 'LIBZ3.DYLIB' (NO SUCH FILE), '/SYSTEM/VOLUMES/PREBOOT/CRYPTEXES/OSLIBZ3.DYLIB' (NO SUCH FILE), '/USR/LIB/LIBZ3.DYLIB' (NO SUCH FILE, NOT IN DYLD CACHE), 'LIBZ3.DYLIB' (NO SUCH FILE), '/USR/LIB/LIBZ3.DYLIB' (NO SUCH FILE, NOT IN DYLD CACHE)"")]",3D
20,S:QJ75 H:7 D:AT63 C:A965,Pass 1H Pass 2C X Pass 2S,X,Pass,"[OSERROR(""DLOPEN(/LIBRARY/FRAMEWORKS/PYTHON.FRAMEWORK/VERSIONS/3.12/LIB/PYTHON3.12/SITE-PACKAGES/Z3/LIB/LIBZ3.DYLIB, 0X0006): TRIED: '/LIBRARY/FRAMEWORKS/PYTHON.FRAMEWORK/VERSIONS/3.12/LIB/PYTHON3.12/SITE-PACKAGES/Z3/LIB/LIBZ3.DYLIB' (MACH-O FILE, BUT IS AN INCOMPATIBLE ARCHITECTURE (HAVE 'ARM64', NEED 'X86_64')), '/SYSTEM/VOLUMES/PREBOOT/CRYPTEXES/OS/LIBRARY/FRAMEWORKS/PYTHON.FRAMEWORK/VERSIONS/3.12/LIB/PYTHON3.12/SITE-PACKAGES/Z3/LIB/LIBZ3.DYLIB' (NO SUCH FILE), '/LIBRARY/FRAMEWORKS/PYTHON.FRAMEWORK/VERSIONS/3.12/LIB/PYTHON3.12/SITE-PACKAGES/Z3/LIB/LIBZ3.DYLIB' (MACH-O FILE, BUT IS AN INCOMPATIBLE ARCHITECTURE (HAVE 'ARM64', NEED 'X86_64'))""), TYPEERROR('EXPECTED STR, BYTES OR OS.PATHLIKE OBJECT, NOT NONETYPE'), OSERROR(""DLOPEN(LIBZ3.DYLIB, 0X0006): TRIED: 'LIBZ3.DYLIB' (NO SUCH FILE), '/SYSTEM/VOLUMES/PREBOOT/CRYPTEXES/OSLIBZ3.DYLIB' (NO SUCH FILE), '/USR/LIB/LIBZ3.DYLIB' (NO SUCH FILE, NOT IN DYLD CACHE), 'LIBZ3.DYLIB' (NO SUCH FILE), '/USR/LIB/LIBZ3.DYLIB' (NO SUCH FILE, NOT IN DYLD CACHE)"")]",Pass
21,S:9862 H:KJ9652 D:74 C:3,Pass 1H Pass 2C X Pass 2S X,Pass,Pass,"[OSERROR(""DLOPEN(/LIBRARY/FRAMEWORKS/PYTHON.FRAMEWORK/VERSIONS/3.12/LIB/PYTHON3.12/SITE-PACKAGES/Z3/LIB/LIBZ3.DYLIB, 0X0006): TRIED: '/LIBRARY/FRAMEWORKS/PYTHON.FRAMEWORK/VERSIONS/3.12/LIB/PYTHON3.12/SITE-PACKAGES/Z3/LIB/LIBZ3.DYLIB' (MACH-O FILE, BUT IS AN INCOMPATIBLE ARCHITECTURE (HAVE 'ARM64', NEED 'X86_64')), '/SYSTEM/VOLUMES/PREBOOT/CRYPTEXES/OS/LIBRARY/FRAMEWORKS/PYTHON.FRAMEWORK/VERSIONS/3.12/LIB/PYTHON3.12/SITE-PACKAGES/Z3/LIB/LIBZ3.DYLIB' (NO SUCH FILE), '/LIBRARY/FRAMEWORKS/PYTHON.FRAMEWORK/VERSIONS/3.12/LIB/PYTHON3.12/SITE-PACKAGES/Z3/LIB/LIBZ3.DYLIB' (MACH-O FILE, BUT IS AN INCOMPATIBLE ARCHITECTURE (HAVE 'ARM64', NEED 'X86_64'))""), TYPEERROR('EXPECTED STR, BYTES OR OS.PATHLIKE OBJECT, NOT NONETYPE'), OSERROR(""DLOPEN(LIBZ3.DYLIB, 0X0006): TRIED: 'LIBZ3.DYLIB' (NO SUCH FILE), '/SYSTEM/VOLUMES/PREBOOT/CRYPTEXES/OSLIBZ3.DYLIB' (NO SUCH FILE), '/USR/LIB/LIBZ3.DYLIB' (NO SUCH FILE, NOT IN DYLD CACHE), 'LIBZ3.DYLIB' (NO SUCH FILE), '/USR/LIB/LIBZ3.DYLIB' (NO SUCH FILE, NOT IN DYLD CACHE)"")]",Pass
22,S:AK4 H:AQT3 D:5 C:J8742,Pass 1H Pass 2C X Pass 2S X Pass,Pass,Pass,"[OSERROR(""DLOPEN(/LIBRARY/FRAMEWORKS/PYTHON.FRAMEWORK/VERSIONS/3.12/LIB/PYTHON3.12/SITE-PACKAGES/Z3/LIB/LIBZ3.DYLIB, 0X0006): TRIED: '/LIBRARY/FRAMEWORKS/PYTHON.FRAMEWORK/VERSIONS/3.12/LIB/PYTHON3.12/SITE-PACKAGES/Z3/LIB/LIBZ3.DYLIB' (MACH-O FILE, BUT IS AN INCOMPATIBLE ARCHITECTURE (HAVE 'ARM64', NEED 'X86_64')), '/SYSTEM/VOLUMES/PREBOOT/CRYPTEXES/OS/LIBRARY/FRAMEWORKS/PYTHON.FRAMEWORK/VERSIONS/3.12/LIB/PYTHON3.12/SITE-PACKAGES/Z3/LIB/LIBZ3.DYLIB' (NO SUCH FILE), '/LIBRARY/FRAMEWORKS/PYTHON.FRAMEWORK/VERSIONS/3.12/LIB/PYTHON3.12/SITE-PACKAGES/Z3/LIB/LIBZ3.DYLIB' (MACH-O FILE, BUT IS AN INCOMPATIBLE ARCHITECTURE (HAVE 'ARM64', NEED 'X86_64'))""), TYPEERROR('EXPECTED STR, BYTES OR OS.PATHLIKE OBJECT, NOT NONETYPE'), OSERROR(""DLOPEN(LIBZ3.DYLIB, 0X0006): TRIED: 'LIBZ3.DYLIB' (NO SUCH FILE), '/SYSTEM/VOLUMES/PREBOOT/CRYPTEXES/OSLIBZ3.DYLIB' (NO SUCH FILE), '/USR/LIB/LIBZ3.DYLIB' (NO SUCH FILE, NOT IN DYLD CACHE), 'LIBZ3.DYLIB' (NO SUCH FILE), '/USR/LIB/LIBZ3.DYLIB' (NO SUCH FILE, NOT IN DYLD CACHE)"")]",Pass
23,S:T3 H:84 D:KQJ982 C:KQT,Pass 1H Pass 2C X Pass 2S X Pass Pass,Pass,3D,"[OSERROR(""DLOPEN(/LIBRARY/FRAMEWORKS/PYTHON.FRAMEWORK/VERSIONS/3.12/LIB/PYTHON3.12/SITE-PACKAGES/Z3/LIB/LIBZ3.DYLIB, 0X0006): TRIED: '/LIBRARY/FRAMEWORKS/PYTHON.FRAMEWORK/VERSIONS/3.12/LIB/PYTHON3.12/SITE-PACKAGES/Z3/LIB/LIBZ3.DYLIB' (MACH-O FILE, BUT IS AN INCOMPATIBLE ARCHITECTURE (HAVE 'ARM64', NEED 'X86_64')), '/SYSTEM/VOLUMES/PREBOOT/CRYPTEXES/OS/LIBRARY/FRAMEWORKS/PYTHON.FRAMEWORK/VERSIONS/3.12/LIB/PYTHON3.12/SITE-PACKAGES/Z3/LIB/LIBZ3.DYLIB' (NO SUCH FILE), '/LIBRARY/FRAMEWORKS/PYTHON.FRAMEWORK/VERSIONS/3.12/LIB/PYTHON3.12/SITE-PACKAGES/Z3/LIB/LIBZ3.DYLIB' (MACH-O FILE, BUT IS AN INCOMPATIBLE ARCHITECTURE (HAVE 'ARM64', NEED 'X86_64'))""), TYPEERROR('EXPECTED STR, BYTES OR OS.PATHLIKE OBJECT, NOT NONETYPE'), OSERROR(""DLOPEN(LIBZ3.DYLIB, 0X0006): TRIED: 'LIBZ3.DYLIB' (NO SUCH FILE), '/SYSTEM/VOLUMES/PREBOOT/CRYPTEXES/OSLIBZ3.DYLIB' (NO SUCH FILE), '/USR/LIB/LIBZ3.DYLIB' (NO SUCH FILE, NOT IN DYLD CACHE), 'LIBZ3.DYLIB' (NO SUCH FILE), '/USR/LIB/LIBZ3.DYLIB' (NO SUCH FILE, NOT IN DYLD CACHE)"")]",3D
24,S:54 H: D:AQ953 C:AKQJT6,,Pass,1C,"[OSERROR(""DLOPEN(/LIBRARY/FRAMEWORKS/PYTHON.FRAMEWORK/VERSIONS/3.12/LIB/PYTHON3.12/SITE-PACKAGES/Z3/LIB/LIBZ3.DYLIB, 0X0006): TRIED: '/LIBRARY/FRAMEWORKS/PYTHON.FRAMEWORK/VERSIONS/3.12/LIB/PYTHON3.12/SITE-PACKAGES/Z3/LIB/LIBZ3.DYLIB' (MACH-O FILE, BUT IS AN INCOMPATIBLE ARCHITECTURE (HAVE 'ARM64', NEED 'X86_64')), '/SYSTEM/VOLUMES/PREBOOT/CRYPTEXES/OS/LIBRARY/FRAMEWORKS/PYTHON.FRAMEWORK/VERSIONS/3.12/LIB/PYTHON3.12/SITE-PACKAGES/Z3/LIB/LIBZ3.DYLIB' (NO SUCH FILE), '/LIBRARY/FRAMEWORKS/PYTHON.FRAMEWORK/VERSIONS/3.12/LIB/PYTHON3.12/SITE-PACKAGES/Z3/LIB/LIBZ3.DYLIB' (MACH-O FILE, BUT IS AN INCOMPATIBLE ARCHITECTURE (HAVE 'ARM64', NEED 'X86_64'))""), TYPEERROR('EXPECTED STR, BYTES OR OS.PATHLIKE OBJECT, NOT NONETYPE'), OSERROR(""DLOPEN(LIBZ3.DYLIB, 0X0006): TRIED: 'LIBZ3.DYLIB' (NO SUCH FILE), '/SYSTEM/VOLUMES/PREBOOT/CRYPTEXES/OSLIBZ3.DYLIB' (NO SUCH FILE), '/USR/LIB/LIBZ3.DYLIB' (NO SUCH FILE, NOT IN DYLD CACHE), 'LIBZ3.DYLIB' (NO SUCH FILE), '/USR/LIB/LIBZ3.DYLIB' (NO SUCH FILE, NOT IN DYLD CACHE)"")]",1C
